{"getListByCountryTypeService1":[{"id":372979,"createTime":1582265610000,"modifyTime":1582265610000,"tags":"","countryType":1,"continents":"","provinceId":"63","provinceName":"青海省","provinceShortName":"青海","cityName":"","currentConfirmedCount":0,"confirmedCount":18,"suspectedCount":0,"curedCount":18,"deadCount":0,"comment":"","sort":40,"operator":"zhaocy","locationId":630000},{"id":372994,"createTime":1582265610000,"modifyTime":1582265610000,"tags":"","countryType":1,"continents":"","provinceId":"54","provinceName":"西藏自治区","provinceShortName":"西藏","cityName":"","currentConfirmedCount":0,"confirmedCount":1,"suspectedCount":0,"curedCount":1,"deadCount":0,"comment":"","sort":0,"operator":"zhaocy","locationId":540000},{"id":372970,"createTime":1582265610000,"modifyTime":1582265610000,"tags":"确诊 2 例","countryType":1,"continents":"","provinceId":"67","provinceName":"澳门","provinceShortName":"澳门","cityName":"","currentConfirmedCount":4,"confirmedCount":10,"suspectedCount":0,"curedCount":6,"deadCount":0,"comment":"","sort":23,"operator":"zhaocy","locationId":820000},{"id":372977,"createTime":1582265610000,"modifyTime":1582265610000,"tags":"确诊 2 例","countryType":1,"continents":"","provinceId":"62","provinceName":"甘肃省","provinceShortName":"甘肃","cityName":"","currentConfirmedCount":18,"confirmedCount":91,"suspectedCount":0,"curedCount":71,"deadCount":2,"comment":"","sort":25,"operator":"zhaocy","locationId":620000},{"id":372965,"createTime":1582265610000,"modifyTime":1582265610000,"tags":"确诊 1 例","countryType":1,"continents":"","provinceId":"68","provinceName":"台湾","provinceShortName":"台湾","cityName":"","currentConfirmedCount":21,"confirmedCount":24,"suspectedCount":0,"curedCount":2,"deadCount":1,"comment":"","sort":27,"operator":"zhaocy","locationId":710000},{"id":372959,"createTime":1582265610000,"modifyTime":1582265610000,"tags":"确诊 1 例","countryType":1,"continents":"","provinceId":"64","provinceName":"宁夏回族自治区","provinceShortName":"宁夏","cityName":"","currentConfirmedCount":27,"confirmedCount":71,"suspectedCount":0,"curedCount":44,"deadCount":0,"comment":"","sort":31,"operator":"zhaocy","locationId":640000},{"id":372960,"createTime":1582265610000,"modifyTime":1582265610000,"tags":"确诊 1 例","countryType":1,"continents":"","provinceId":"22","provinceName":"吉林省","provinceShortName":"吉林","cityName":"","currentConfirmedCount":46,"confirmedCount":91,"suspectedCount":0,"curedCount":44,"deadCount":1,"comment":"","sort":29,"operator":"zhaocy","locationId":220000},{"id":372978,"createTime":1582265610000,"modifyTime":1582265610000,"tags":"确诊 2 例 ","countryType":1,"continents":"","provinceId":"65","provinceName":"新疆维吾尔自治区","provinceShortName":"新疆","cityName":"","currentConfirmedCount":53,"confirmedCount":76,"suspectedCount":0,"curedCount":22,"deadCount":1,"comment":"","sort":24,"operator":"zhaocy","locationId":650000},{"id":372971,"createTime":1582265610000,"modifyTime":1582265610000,"tags":"确诊 1 例","countryType":1,"continents":"","provinceId":"14","provinceName":"山西省","provinceShortName":"山西","cityName":"","currentConfirmedCount":56,"confirmedCount":132,"suspectedCount":0,"curedCount":76,"deadCount":0,"comment":"","sort":28,"operator":"zhaocy","locationId":140000},{"id":372969,"createTime":1582265610000,"modifyTime":1582265610000,"tags":"确诊 3 例","countryType":1,"continents":"","provinceId":"21","provinceName":"辽宁省","provinceShortName":"辽宁","cityName":"","currentConfirmedCount":59,"confirmedCount":121,"suspectedCount":0,"curedCount":61,"deadCount":1,"comment":"","sort":20,"operator":"zhaocy","locationId":210000},{"id":372976,"createTime":1582265610000,"modifyTime":1582265610000,"tags":"疑似 1 例","countryType":1,"continents":"","provinceId":"15","provinceName":"内蒙古自治区","provinceShortName":"内蒙古","cityName":"","currentConfirmedCount":59,"confirmedCount":75,"suspectedCount":0,"curedCount":16,"deadCount":0,"comment":"","sort":32,"operator":"zhaocy","locationId":150000},{"id":372966,"createTime":1582265610000,"modifyTime":1582265610000,"tags":"确诊 2 例 疑似 65 例","countryType":1,"continents":"","provinceId":"66","provinceName":"香港","provinceShortName":"香港","cityName":"","currentConfirmedCount":61,"confirmedCount":68,"suspectedCount":0,"curedCount":5,"deadCount":2,"comment":"","sort":21,"operator":"zhaocy","locationId":810000},{"id":372956,"createTime":1582265610000,"modifyTime":1582265610000,"tags":"确诊 3 例","countryType":1,"continents":"","provinceId":"52","provinceName":"贵州省","provinceShortName":"贵州","cityName":"","currentConfirmedCount":68,"confirmedCount":146,"suspectedCount":0,"curedCount":76,"deadCount":2,"comment":"","sort":19,"operator":"zhaocy","locationId":520000},{"id":372962,"createTime":1582265610000,"modifyTime":1582265610000,"tags":"确诊 4 例","countryType":1,"continents":"","provinceId":"12","provinceName":"天津市","provinceShortName":"天津","cityName":"","currentConfirmedCount":69,"confirmedCount":131,"suspectedCount":0,"curedCount":59,"deadCount":3,"comment":"","sort":16,"operator":"zhaocy","locationId":120000},{"id":372958,"createTime":1582265610000,"modifyTime":1582265610000,"tags":"确诊 5 例，疑似 32 例","countryType":1,"continents":"","provinceId":"46","provinceName":"海南省","provinceShortName":"海南","cityName":"","currentConfirmedCount":75,"confirmedCount":168,"suspectedCount":0,"curedCount":89,"deadCount":4,"comment":"","sort":15,"operator":"zhaocy","locationId":460000},{"id":372951,"createTime":1582265610000,"modifyTime":1582265610000,"tags":"确诊 2 例","countryType":1,"continents":"","provinceId":"53","provinceName":"云南省","provinceShortName":"云南","cityName":"","currentConfirmedCount":93,"confirmedCount":174,"suspectedCount":0,"curedCount":79,"deadCount":2,"comment":"","sort":26,"operator":"zhaocy","locationId":530000},{"id":372952,"createTime":1582265610000,"modifyTime":1582265610000,"tags":"确诊 16 例，疑似 22 例","countryType":1,"continents":"","provinceId":"31","provinceName":"上海市","provinceShortName":"上海","cityName":"","currentConfirmedCount":121,"confirmedCount":334,"suspectedCount":0,"curedCount":211,"deadCount":2,"comment":"未知治愈数据统一归属上海市公卫临床中心，暂无具体分区","sort":5,"operator":"zhaocy","locationId":310000},{"id":372975,"createTime":1582265610000,"modifyTime":1582265610000,"tags":"确诊 5 例 疑似 1 例","countryType":1,"continents":"","provinceId":"61","provinceName":"陕西省","provinceShortName":"陕西","cityName":"","currentConfirmedCount":127,"confirmedCount":245,"suspectedCount":0,"curedCount":117,"deadCount":1,"comment":"","sort":18,"operator":"zhaocy","locationId":610000},{"id":372973,"createTime":1582265610000,"modifyTime":1582265610000,"tags":"确诊 1 例，死亡 1 例","countryType":1,"continents":"","provinceId":"13","provinceName":"河北省","provinceShortName":"河北","cityName":"","currentConfirmedCount":131,"confirmedCount":308,"suspectedCount":0,"curedCount":172,"deadCount":5,"comment":"","sort":30,"operator":"zhaocy","locationId":130000},{"id":372953,"createTime":1582265610000,"modifyTime":1582265610000,"tags":"确诊 5 例","countryType":1,"continents":"","provinceId":"45","provinceName":"广西壮族自治区","provinceShortName":"广西","cityName":"","currentConfirmedCount":149,"confirmedCount":246,"suspectedCount":0,"curedCount":95,"deadCount":2,"comment":"","sort":11,"operator":"zhaocy","locationId":450000},{"id":372972,"createTime":1582265610000,"modifyTime":1582265610000,"tags":"确诊 5 例 疑似 2 例","countryType":1,"continents":"","provinceId":"35","provinceName":"福建省","provinceShortName":"福建","cityName":"","currentConfirmedCount":158,"confirmedCount":293,"suspectedCount":0,"curedCount":134,"deadCount":1,"comment":"","sort":12,"operator":"zhaocy","locationId":350000},{"id":372948,"createTime":1582265610000,"modifyTime":1582265610000,"tags":"确诊 22 例 ","countryType":1,"continents":"","provinceId":"11","provinceName":"北京市","provinceShortName":"北京","cityName":"","currentConfirmedCount":223,"confirmedCount":396,"suspectedCount":0,"curedCount":169,"deadCount":4,"comment":"","sort":4,"operator":"zhaocy","locationId":110000},{"id":372964,"createTime":1582265610000,"modifyTime":1582265610000,"tags":"确诊 9 例","countryType":1,"continents":"","provinceId":"50","provinceName":"重庆市","provinceShortName":"重庆","cityName":"","currentConfirmedCount":262,"confirmedCount":567,"suspectedCount":0,"curedCount":299,"deadCount":6,"comment":"","sort":8,"operator":"zhaocy","locationId":500000},{"id":372974,"createTime":1582265610000,"modifyTime":1582265610000,"tags":"确诊 5 例","countryType":1,"continents":"","provinceId":"32","provinceName":"江苏省","provinceShortName":"江苏","cityName":"","currentConfirmedCount":264,"confirmedCount":631,"suspectedCount":0,"curedCount":367,"deadCount":0,"comment":"","sort":13,"operator":"zhaocy","locationId":320000},{"id":372950,"createTime":1582265610000,"modifyTime":1582265610000,"tags":"确诊 8 例，疑似 2 例","countryType":1,"continents":"","provinceId":"51","provinceName":"四川省","provinceShortName":"四川","cityName":"","currentConfirmedCount":300,"confirmedCount":525,"suspectedCount":0,"curedCount":222,"deadCount":3,"comment":"","sort":9,"operator":"zhaocy","locationId":510000},{"id":372967,"createTime":1582265610000,"modifyTime":1582265610000,"tags":"确诊 2 例","countryType":1,"continents":"","provinceId":"23","provinceName":"黑龙江省","provinceShortName":"黑龙江","cityName":"","currentConfirmedCount":319,"confirmedCount":479,"suspectedCount":0,"curedCount":148,"deadCount":12,"comment":"","sort":22,"operator":"zhaocy","locationId":230000},{"id":372968,"createTime":1582265610000,"modifyTime":1582265610000,"tags":"确诊 24 例","countryType":1,"continents":"","provinceId":"43","provinceName":"湖南省","provinceShortName":"湖南","cityName":"","currentConfirmedCount":358,"confirmedCount":1011,"suspectedCount":0,"curedCount":649,"deadCount":4,"comment":"","sort":6,"operator":"zhaocy","locationId":430000},{"id":372961,"createTime":1582265610000,"modifyTime":1582265610000,"tags":"确诊 7 例","countryType":1,"continents":"","provinceId":"36","provinceName":"江西省","provinceShortName":"江西","cityName":"","currentConfirmedCount":444,"confirmedCount":934,"suspectedCount":0,"curedCount":489,"deadCount":1,"comment":"","sort":17,"operator":"zhaocy","locationId":360000},{"id":372957,"createTime":1582265610000,"modifyTime":1582265610000,"tags":"确诊 9 例，疑似 4 例","countryType":1,"continents":"","provinceId":"34","provinceName":"安徽省","provinceShortName":"安徽","cityName":"","currentConfirmedCount":468,"confirmedCount":988,"suspectedCount":0,"curedCount":514,"deadCount":6,"comment":"","sort":7,"operator":"zhaocy","locationId":340000},{"id":372954,"createTime":1582265610000,"modifyTime":1582265610000,"tags":"确诊 6 例， 疑似 2 例","countryType":1,"continents":"","provinceId":"37","provinceName":"山东省","provinceShortName":"山东","cityName":"","currentConfirmedCount":474,"confirmedCount":748,"suspectedCount":0,"curedCount":270,"deadCount":4,"comment":"","sort":10,"operator":"zhaocy","locationId":370000},{"id":372963,"createTime":1582265610000,"modifyTime":1582265610000,"tags":"确诊 5 例","countryType":1,"continents":"","provinceId":"41","provinceName":"河南省","provinceShortName":"河南","cityName":"","currentConfirmedCount":531,"confirmedCount":1267,"suspectedCount":0,"curedCount":717,"deadCount":19,"comment":"参考卫健委统计口径，部分县区与地级市合并","sort":14,"operator":"zhaocy","locationId":410000},{"id":372955,"createTime":1582265610000,"modifyTime":1582265610000,"tags":"确诊 27 例","countryType":1,"continents":"","provinceId":"33","provinceName":"浙江省","provinceShortName":"浙江","cityName":"","currentConfirmedCount":548,"confirmedCount":1203,"suspectedCount":0,"curedCount":654,"deadCount":1,"comment":"","sort":3,"operator":"zhaocy","locationId":330000},{"id":372949,"createTime":1582265610000,"modifyTime":1582265610000,"tags":"确诊 32 例，疑似 1 例，治愈 2 例","countryType":1,"continents":"","provinceId":"44","provinceName":"广东省","provinceShortName":"广东","cityName":"","currentConfirmedCount":663,"confirmedCount":1333,"suspectedCount":0,"curedCount":665,"deadCount":5,"comment":"","sort":2,"operator":"zhaocy","locationId":440000},{"id":372947,"createTime":1582265610000,"modifyTime":1582265610000,"tags":"确诊 444 例，疑似病例数待确认，治愈 28 例，死亡 17 例","countryType":1,"continents":"","provinceId":"42","provinceName":"湖北省","provinceShortName":"湖北","cityName":"","currentConfirmedCount":48730,"confirmedCount":62662,"suspectedCount":0,"curedCount":11788,"deadCount":2144,"comment":"湖北省卫健委尚未发布昨日确诊数据，武汉确诊数据及治愈死亡数据来自国家卫健委。","sort":1,"operator":"zhaocy","locationId":420000}]}